insert into player values(0, 'Kevin	Durant',	'SF',	10,	28,	'Warriors',	22,	1);
insert into player values(1, 'James	Harden',	'PG',	8,	26,	'Rockets',	23,	2);
insert into player values(2, 'Giannis	Antetokounmpo',	'SF',	6,	24,	'Bucks', 18,	3);
insert into player values(3, 'Stephen	Curry',	'PG',	7,	26,	'Warriors',	19,	4);
insert into player values(4, 'Russell	Westbrook',	'PG',	9,	28,	'Thunder',	24,	5);
insert into player values(5, 'Karl-Anthony Towns,'	'C',	4,	23,	'Timberwolves',	17,	3);
insert into player values(6, 'Anthony	Davis',	'PF',	6,	25,	'Pelicians',	19,	2);
insert into player values(7, 'Kawhi	Leonard',	'SG',	6,	25,	'Spurs',	18,	3);
insert into player values(8, 'LeBron	James',	'SF',	15,	35,	'Cavs',	20,	1);
insert into player values(9, 'John	Wall',	'PG',	7,	27,	'Wizards',	21,	3);
insert into player values(10, 'Nikola	Jokic',	'PF',	4,	25,	'Nuggets',	17,	2);
insert into player values(11, 'DeMarcus	Cousins',	'PF',	7,	27,	'Pelicians',	18,	4);
insert into player values(12, 'Chris	Paul',	'PG',	12,	30,	'Rockets',	16,	2);
insert into player values(13, 'Jimmy	Butler',	'SG',	7,	29,	'Timberwolves',	19,	5);
insert into player values(14, 'Damian	Lillard',	'PG',	5,	27,	'TrailBlazers',	20,	4);
insert into player values(15, 'Rudy	Gobert,'	'C',	4,	26,	'Jazz',	17,	2);
insert into player values(16, 'Kyrie	Irving',	'PG',	7,	27,	'Celtics',	22,	3);
insert into player values(17, 'Paul	George',	'SF',	10,	28,	'Thunder',	18,	1);
insert into player values(18, 'Draymond	Green',	'SF',	8,	26,	'Warriors',	17,	2);
  
insert into team values('Warriors,'	'Oakland',	'Heirloom Ring',	'Carlo Gillman',	2001,	'NBA');
insert into team values('Rockets,'	'Houston',	'Spectacle Bowl',	'Homer Delcambre',	1980,	'NBA');
insert into team values('Bucks,'	'Milwaukee',	'Harmony Field',	'Reed Veillon',	1990,	'NBA');
insert into team values('Thunder,'	'Oklahoma City',	'Arch Bowl',	'Odell Mossey',	2010,	'NBA');
insert into team values('Timberwolves,'	'Minnesota',	'Fusion Arena',	'Norberto Karn',	2005,	'NBA');
insert into team values('Pelicians,'	'New Orleans',	'Sapphire Arena',	'Ben Brackin',	2000,	'NBA');
insert into team values('Spurs,'	'San Antonio',	'Eos Ring',	'Shon Kyger',	1970,	'NBA');
insert into team values('Cavs,'	'Cleveland',	'Horizon Arena',	'Joesph Boger',	1985,	'NBA');
insert into team values('Wizards,'	'Washington D.C.',	'Aegis Ring',	'Morton Haberman',	1999,	'NBA');
insert into team values('Nuggets,'	'Denver',	'Oracle Park',	'Horacio Beverage',	2016,	'NBA');
insert into team values('Trailblazers,'	'Portland',	'Griffon Ring',	'Shad Nye',	2014,	'NBA');
insert into team values('Jazz,'	'Utah',	'Stratosphere Bowl',	'Phillip Albaugh',	1995,	'NBA');
insert into team values('Celetics,'	'Boston',	'Visage Ring',	'Josue Tomasi',	1993,	'NBA');
  
insert into head_coach values('Quinton Lanza',3,'Carlo Gillman');
insert into head_coach values('Stevie Mcclean',7,'Homer Delcambre');
insert into head_coach values('Willis Glick',10,'Reed Veillon');
insert into head_coach values('Lazaro Northup',2,'Odell Mossey');
insert into head_coach values('Graham Blanks',5,'Norberto Karn');
insert into head_coach values('Kelly Dominy',7,'Ben Brackin');
insert into head_coach values('Leland Carmon',3,'Shon Kyger');
insert into head_coach values('Michale Kemmer',8,'Joesph Boger');
insert into head_coach values('Melvin Orsborn',5,'Morton Haberman');
insert into head_coach values('Tory Oshiro',13,'Horacio Beverage');
insert into head_coach values('Roosevelt Toman',1,'Shad Nye');
insert into head_coach values('Cedric Mui',3,'Phillip Albaugh');
insert into head_coach values('Kelley Shultis',4,'Josue Tomasi');

insert into assistant_coach values('Rafael Rosser','offense','Carlo Gillman');
insert into assistant_coach values('Johnny Duty','defense','Homer Delcambre');
insert into assistant_coach values('Sonny Riesgo','offense','Reed Veillon');
insert into assistant_coach values('Rolf Renfroe','offense','Odell Mossey');
insert into assistant_coach values('Miguel Macaluso','defense','Norberto Karn');
insert into assistant_coach values('Harry Sisco','offense','Ben Brackin');
insert into assistant_coach values('Robby Metzger','post','Shon Kyger');
insert into assistant_coach values('Ariel Mcmickle','wings','Joesph Boger');
insert into assistant_coach values('Horacio Kerfoot','guards','Morton Haberman');
insert into assistant_coach values('Shon Donadio','trainer','Horacio Beverage');
insert into assistant_coach values('Millard Burkart','scout','Shad Nye');
insert into assistant_coach values('Andres Fried','guards','Phillip Albaugh');
insert into assistant_coach values('Roman Guthridge','strength','Josue Tomasi');
insert into assistant_coach values('Scot Hazzard','health','Carlo Gillman');
insert into assistant_coach values('Sheldon Fanelli','trainer','Homer Delcambre');
insert into assistant_coach values('Jamey Gottfried','scout','Reed Veillon');
insert into assistant_coach values('Orlando Byrd','post','Odell Mossey');
insert into assistant_coach values('Fredric Dailey','offense','Norberto Karn');
insert into assistant_coach values('Richie Salomon','defense','Ben Brackin');
insert into assistant_coach values('Jarod Michelsen','offense','Shon Kyger');
  
insert into league values('NBA',1901,'Adam Silver');
  
insert into game_stat values(0,'43044','20 pts 3 rbs');
insert into game_stat values(1,'43018','10 pts 6 rbs');
insert into game_stat values(2,'43071','1 pts 10 ast');
insert into game_stat values(3,'43044','5 pts 20 ast 2 stls');
insert into game_stat values(4,'43044','24 pts 9 rbs');
insert into game_stat values(5,'43096','30 pts');
insert into game_stat values(6,'43018','13 rbs 3 asts');
insert into game_stat values(7,'43024','20 pts 3 rbs');
insert into game_stat values(8,'43090','10 pts 6 rbs');
insert into game_stat values(9,'43101','1 pts 10 ast');
insert into game_stat values(10,'43034','5 pts 20 ast 2 stls');
insert into game_stat values(11,'43018','24 pts 9 rbs');
insert into game_stat values(12,'43018','30 pts');
insert into game_stat values(13,'43117','13 rbs 3 asts');
insert into game_stat values(14,'43080','20 pts 3 rbs');
insert into game_stat values(15,'43083','10 pts 6 rbs');
insert into game_stat values(16,'43070','1 pts 10 ast');
insert into game_stat values(17,'43044','5 pts 20 ast 2 stls');
insert into game_stat values(18,'43044','24 pts 9 rbs');

insert into game values('Warriors',0,'Quinton Lanza');
insert into game values('Rockets',1,'Stevie Mcclean');
insert into game values('Bucks',2,'Willis Glick');
insert into game values('Warriors',3,'Quinton Lanza');
insert into game values('Thunder',4,'Lazaro Northup');
insert into game values('Timberwolves',5,'Graham Blanks');
insert into game values('Pelicians',6,'Kelly Dominy');
insert into game values('Spurs',7,'Leland Carmon');
insert into game values('Cavs',8,'Michale Kemmer');
insert into game values('Wizards',9,'Melvin Orsborn');
insert into game values('Nuggets',10,'Tory Oshiro');
insert into game values('Pelicians',11,'Kelly Dominy');
insert into game values('Rockets',12,'Stevie Mcclean');
insert into game values('Timberwolves',13,'Graham Blanks');
insert into game values('TrailBlazers',14,'Roosevelt Toman');
insert into game values('Jazz',15,'Cedric Mui');
insert into game values('Celtics',16,'Kelley Shultis');
insert into game values('Thunder',17,'Lazaro Northup');
insert into game values('Warriors',18,'Quinton Lanza');
  
insert into reports_to values('Rafael Rosser','Quinton Lanza');
insert into reports_to values('Johnny Duty','Stevie Mcclean');
insert into reports_to values('Sonny Riesgo','Willis Glick');
insert into reports_to values('Rolf Renfroe','Lazaro Northup');
insert into reports_to values('Miguel Macaluso','Graham Blanks');
insert into reports_to values('Harry Sisco','Kelly Dominy');
insert into reports_to values('Robby Metzger','Leland Carmon');
insert into reports_to values('Ariel Mcmickle','Michale Kemmer');
insert into reports_to values('Horacio Kerfoot','Melvin Orsborn');
insert into reports_to values('Shon Donadio','Tory Oshiro');
insert into reports_to values('Millard Burkart','Roosevelt Toman');
insert into reports_to values('Andres Fried','Cedric Mui');
insert into reports_to values('Roman Guthridge','Kelley Shultis');
insert into reports_to values('Scot Hazzard','Quinton Lanza');
insert into reports_to values('Sheldon Fanelli','Stevie Mcclean');
insert into reports_to values('Jamey Gottfried','Willis Glick');
insert into reports_to values('Orlando Byrd','Lazaro Northup');
insert into reports_to values('Fredric Dailey','Graham Blanks');
insert into reports_to values('Richie Salomon','Kelly Dominy');
insert into reports_to values('Jarod Michelsen','Leland Carmon');

insert into televised values('Warriors',0,'Quinton Lanza',0);
insert into televised values('Rockets',1,'Stevie Mcclean',1);
insert into televised values('Bucks',2,'Willis Glick',1);
insert into televised values('Warriors',3,'Quinton Lanza',0);
insert into televised values('Thunder',4,'Lazaro Northup',0);
insert into televised values('Cavs',8,'Michale Kemmer',2);
insert into televised values('Spurs',7,'Leland Carmon',2);
insert into televised values('Rockets',12,'Stevie Mcclean',1);
insert into televised values('Thunder',17,'Lazaro Northup',0);
insert into televised values('Warriors',18,'Quinton Lanza',0);
  
insert into televised values(0,'TNT',43044, '7:00 PM');
insert into televised values(1,'CBS',43018, '7:00 PM');
insert into televised values(2,'ESPN',43090, '7:00 PM');